{"stats":{"minecraft:killed":{"betternether:skull":2,"minecraft:spider":11,"betternether:firefly":3,"minecraft:skeleton":10,"minecraft:chicken":1,"betternether:naga":15,"minecraft:wolf":2,"minecraft:piglin":1,"minecraft:pig":6,"minecraft:creeper":2,"minecraft:sheep":7,"minecraft:zombie":25,"minecraft:player":1,"minecraft:cow":6,"minecraft:enderman":3},"minecraft:broken":{"minecraft:stone_pickaxe":2,"minecraft:iron_sword":1,"minecraft:iron_pickaxe":1,"minecraft:wooden_axe":1,"minecraft:stone_shovel":2},"minecraft:dropped":{"minecraft:brown_mushroom":1,"betternether:feather_fern":1,"minecraft:wheat_seeds":2,"minecraft:porkchop":1,"minecraft:soul_sand":4,"minecraft:lapis_lazuli":5,"minecraft:cobblestone":64,"minecraft:granite":13,"betternether:bone_block":7,"minecraft:stick":1,"minecraft:dirt":16,"minecraft:diorite":18,"minecraft:wooden_sword":1,"minecraft:sand":3,"minecraft:gravel":20,"minecraft:soul_soil":2,"create:ochrum":2,"minecraft:cobbled_deepslate":106,"minecraft:bowl":3,"minecraft:tuff":12,"minecraft:rotten_flesh":1,"minecraft:poppy":1,"minecraft:shield":1,"minecraft:gunpowder":1,"minecraft:andesite":31,"minecraft:wooden_pickaxe":2,"minecraft:netherrack":43},"minecraft:killed_by":{"minecraft:player":1,"minecraft:creeper":1,"minecraft:skeleton":1,"minecraft:zombie":1},"minecraft:used":{"toms_storage:ts.inventory_proxy":1,"minecraft:flint_and_steel":1,"create:scorchia":5,"minecraft:stone_shovel":310,"farmersdelight:cabbage_seeds":7,"minecraft:chest":2,"farmersdelight:cabbage":2,"minecraft:iron_sword":188,"minecraft:rotten_flesh":39,"minecraft:netherrack":34,"minecraft:torch":53,"minecraft:dirt":578,"farmersdelight:flint_knife":25,"minecraft:carrot":6,"minecraft:tuff":31,"minecraft:obsidian":10,"minecraft:birch_door":15,"minecraft:wooden_axe":84,"minecraft:golden_carrot":4,"minecraft:sweet_berries":73,"minecraft:furnace":5,"minecraft:oak_sapling":6,"betternether:cincinnasite_tile_large":2,"minecraft:cooked_beef":2,"minecraft:cobbled_deepslate":114,"minecraft:wheat_seeds":23,"minecraft:water_bucket":7,"minecraft:diorite":22,"minecraft:stone_pickaxe":328,"minecraft:sugar_cane":19,"betternether:cincinnasite_block":1,"minecraft:golden_apple":3,"minecraft:crafting_table":16,"farmersdelight:pasta_with_mutton_chop":5,"farmersdelight:rice":2,"minecraft:spruce_log":1,"minecraft:wooden_hoe":1,"minecraft:diamond_pickaxe":336,"minecraft:apple":3,"minecraft:suspicious_stew":1,"minecraft:bread":6,"minecraft:iron_pickaxe":465,"minecraft:stone_axe":14,"minecraft:diamond_sword":202,"minecraft:fishing_rod":7,"minecraft:wooden_sword":56,"minecraft:cobblestone":57,"minecraft:porkchop":4,"minecraft:bucket":8,"minecraft:andesite":1,"minecraft:oak_boat":1,"minecraft:bone_meal":9},"minecraft:custom":{"minecraft:mob_kills":97,"minecraft:interact_with_crafting_table":62,"minecraft:leave_game":4,"minecraft:time_since_death":55504,"minecraft:climb_one_cm":4048,"minecraft:sprint_one_cm":390304,"minecraft:walk_one_cm":698371,"minecraft:drop":33,"minecraft:play_time":256606,"minecraft:deaths":4,"minecraft:sneak_time":523,"minecraft:walk_under_water_one_cm":43739,"minecraft:boat_one_cm":211497,"minecraft:jump":2603,"minecraft:interact_with_blast_furnace":11,"minecraft:walk_on_water_one_cm":44913,"minecraft:total_world_time":256606,"minecraft:interact_with_furnace":32,"minecraft:sleep_in_bed":4,"minecraft:time_since_rest":55532,"minecraft:damage_taken":4165,"minecraft:damage_absorbed":120,"minecraft:damage_dealt":15808,"minecraft:player_kills":1,"minecraft:swim_one_cm":104421,"minecraft:fly_one_cm":334822,"minecraft:open_chest":97,"minecraft:crouch_one_cm":616,"minecraft:interact_with_smoker":7,"minecraft:fish_caught":1,"minecraft:fall_one_cm":44075},"minecraft:picked_up":{"minecraft:fishing_rod":1,"minecraft:crafting_table":15,"minecraft:birch_door":18,"minecraft:wheat":13,"minecraft:brown_mushroom":1,"minecraft:wooden_pickaxe":1,"betternether:lumabus_seed":1,"betternether:bone_block":14,"minecraft:string":73,"minecraft:soul_soil":2,"minecraft:raw_copper":31,"minecraft:flint_and_steel":1,"create:scorchia":7,"minecraft:gold_nugget":54,"minecraft:cobbled_deepslate":252,"farmersdelight:cabbage":2,"minecraft:beef":13,"minecraft:poppy":1,"betternether:netherrack_stalactite":13,"minecraft:sugar_cane":50,"minecraft:chest":3,"farmersdelight:cabbage_seeds":6,"minecraft:furnace":3,"betternether:nether_brick_wall":2,"minecraft:stick":64,"minecraft:raw_iron":18,"minecraft:torch":29,"minecraft:bowl":3,"minecraft:porkchop":14,"minecraft:diorite":40,"betternether:nether_ruby":21,"minecraft:redstone":55,"betternether:cincinnasite":27,"create:zinc_ingot":5,"betternether:lapis_pile":49,"minecraft:arrow":9,"minecraft:rotten_flesh":27,"create:ochrum":2,"minecraft:saddle":1,"betternether:feather_fern":1,"minecraft:mutton":10,"minecraft:obsidian":14,"minecraft:white_wool":6,"minecraft:cobblestone":350,"minecraft:cooked_beef":3,"minecraft:birch_log":10,"minecraft:magma_block":21,"expandeddelight:salt_rock":4,"minecraft:feather":2,"betternether:glowstone_pile":3,"betternether:cincinnasite_tile_large":2,"minecraft:andesite":36,"minecraft:salmon":1,"minecraft:leather":6,"minecraft:red_mushroom":1,"minecraft:birch_planks":12,"minecraft:flint":11,"minecraft:tuff":43,"create:raw_zinc":27,"minecraft:oak_log":24,"minecraft:wither_skeleton_skull":1,"minecraft:gunpowder":1,"farmersdelight:pasta_with_mutton_chop":8,"betternether:bowl_upgrade_smithing_template":1,"farmersdelight:flint_knife":1,"minecraft:lapis_lazuli":132,"minecraft:dirt":608,"minecraft:twisting_vines":8,"minecraft:bone":19,"minecraft:apple":3,"minecraft:stone_bricks":1,"minecraft:kelp":22,"minecraft:wheat_seeds":50,"minecraft:raw_gold":51,"minecraft:stone_pickaxe":1,"minecraft:mossy_stone_bricks":2,"minecraft:glowstone_dust":2,"minecraft:soul_sand":4,"minecraft:sweet_berries":83,"betternether:wall_moss":1,"minecraft:warped_wart_block":3,"minecraft:quartz":42,"minecraft:gravel":85,"minecraft:sand":3,"minecraft:stripped_spruce_log":1,"minecraft:grass_block":1,"minecraft:spruce_log":14,"minecraft:spider_eye":5,"betternether:bone_stairs":1,"minecraft:diamond":7,"minecraft:granite":15,"minecraft:bone_meal":10,"betternether:cincinnasite_block":1,"minecraft:gray_wool":1,"minecraft:warped_roots":6,"minecraft:oak_sapling":18,"minecraft:netherrack":204,"minecraft:coal":88,"minecraft:crimson_roots":8,"minecraft:ender_pearl":1},"minecraft:mined":{"create:zinc_ore":20,"minecraft:nether_gold_ore":13,"create:deepslate_zinc_ore":11,"minecraft:tuff":43,"minecraft:oak_sapling":2,"betternether:bone_block":7,"minecraft:deepslate_diamond_ore":7,"minecraft:obsidian":16,"minecraft:granite":15,"betternether:lumabus_vine":1,"minecraft:grass_block":188,"minecraft:crimson_roots":5,"create:ochrum":4,"betternether:nether_brick_wall":2,"minecraft:soul_soil":1,"minecraft:spruce_leaves":5,"minecraft:red_mushroom":1,"minecraft:kelp":7,"betternether:cincinnasite_ore":14,"minecraft:magma_block":15,"minecraft:furnace":3,"minecraft:iron_ore":8,"minecraft:cobbled_deepslate":9,"minecraft:stripped_spruce_log":1,"create:scorchia":7,"expandeddelight:salt_ore":4,"minecraft:andesite":36,"minecraft:deepslate_lapis_ore":20,"minecraft:twisting_vines":9,"minecraft:deepslate_iron_ore":10,"minecraft:rail":1,"betternether:nether_lapis_ore":12,"minecraft:stone":306,"betternether:black_vine":1,"minecraft:deepslate_redstone_ore":3,"betternether:netherrack_stalactite":6,"minecraft:brown_mushroom":1,"minecraft:soul_sand":4,"betternether:cincinnasite_block":2,"minecraft:kelp_plant":6,"minecraft:twisting_vines_plant":5,"betternether:cincinnasite_tile_large":2,"minecraft:crafting_table":14,"minecraft:oak_fence":2,"minecraft:torch":7,"betternether:mushroom_grass":3,"minecraft:poppy":1,"minecraft:warped_roots":5,"minecraft:chest":3,"minecraft:tall_grass":1,"farmersdelight:cabbages":2,"minecraft:nether_quartz_ore":42,"betternether:bone_stairs":1,"minecraft:cobblestone":53,"minecraft:copper_ore":8,"minecraft:deepslate_gold_ore":50,"minecraft:sugar_cane":27,"minecraft:diorite":40,"betternether:nether_ruby_ore":15,"minecraft:wall_torch":12,"minecraft:warped_wart_block":3,"minecraft:seagrass":7,"minecraft:warped_nylium":21,"minecraft:birch_log":5,"minecraft:wheat":21,"minecraft:sweet_berry_bush":20,"minecraft:spruce_log":9,"minecraft:birch_leaves":3,"minecraft:birch_door":9,"minecraft:grass":16,"betternether:golden_lumabus_vine":1,"minecraft:oak_log":23,"minecraft:coal_ore":26,"minecraft:sand":3,"minecraft:gravel":96,"minecraft:dirt":63,"betternether:nether_redstone_ore":22,"minecraft:cobweb":65,"minecraft:stone_bricks":1,"minecraft:netherrack":199,"minecraft:mossy_stone_bricks":2,"minecraft:oak_leaves":12,"minecraft:deepslate":233,"minecraft:suspicious_gravel":1},"minecraft:crafted":{"minecraft:golden_carrot":4,"minecraft:wooden_sword":1,"minecraft:oak_planks":96,"minecraft:stone_shovel":3,"minecraft:furnace":2,"betternether:nether_ruby_leggings":1,"minecraft:cooked_mutton":10,"minecraft:oak_trapdoor":8,"minecraft:flint_and_steel":1,"betternether:cincinnasite_ingot":8,"minecraft:stone_pickaxe":5,"minecraft:chest":1,"minecraft:birch_door":3,"minecraft:cooked_beef":13,"minecraft:diamond_sword":1,"minecraft:cooked_porkchop":9,"minecraft:crafting_table":4,"minecraft:spruce_planks":56,"minecraft:wooden_pickaxe":1,"minecraft:iron_helmet":1,"minecraft:iron_sword":1,"minecraft:bucket":1,"minecraft:birch_planks":20,"minecraft:stone_axe":2,"minecraft:bread":6,"minecraft:air":0,"toms_storage:ts.inventory_proxy":1,"betternether:nether_ruby_boots":1,"minecraft:oak_boat":1,"minecraft:golden_apple":3,"minecraft:diamond_pickaxe":1,"minecraft:gold_nugget":243,"minecraft:shield":1,"minecraft:stick":36,"minecraft:iron_ingot":18,"minecraft:iron_pickaxe":2,"minecraft:wooden_axe":1,"minecraft:gold_ingot":77,"betternether:nether_ruby_chestplate":1,"minecraft:torch":24,"create:zinc_ingot":22}},"DataVersion":3465}