{"stats":{"minecraft:picked_up":{"minecraft:sweet_berries":3},"minecraft:custom":{"minecraft:jump":29,"minecraft:time_since_rest":6427,"minecraft:damage_dealt":45,"minecraft:crouch_one_cm":85,"minecraft:sprint_one_cm":4151,"minecraft:leave_game":1,"minecraft:play_time":6427,"minecraft:time_since_death":6427,"minecraft:walk_one_cm":6511,"minecraft:sneak_time":10,"minecraft:total_world_time":6427,"minecraft:drop":1,"minecraft:fall_one_cm":538,"minecraft:fly_one_cm":4677},"minecraft:used":{"minecraft:sweet_berries":2},"minecraft:dropped":{"minecraft:sweet_berries":1}},"DataVersion":3465}