{"stats":{"minecraft:killed":{"minecraft:skeleton":1,"minecraft:zombie":1},"minecraft:dropped":{"minecraft:sweet_berries":1,"minecraft:cobblestone":9,"minecraft:arrow":1,"minecraft:wooden_pickaxe":1},"minecraft:used":{"minecraft:dark_oak_planks":1,"minecraft:apple":1,"minecraft:iron_axe":213,"minecraft:stone_pickaxe":56,"minecraft:chest":2,"minecraft:wooden_pickaxe":3,"railways:iron_wrapped_locometal_boiler":1,"minecraft:torch":7,"farmersdelight:roasted_mutton_chops":3,"minecraft:dirt":20,"minecraft:cobblestone":640,"minecraft:crafting_table":2,"minecraft:sweet_berries":2,"minecraft:furnace":2,"farmersdelight:pasta_with_mutton_chop":1,"minecraft:white_bed":1,"minecraft:spruce_log":173,"minecraft:splash_potion":2},"minecraft:custom":{"minecraft:time_since_rest":23235,"minecraft:interact_with_furnace":5,"minecraft:sprint_one_cm":186615,"minecraft:damage_taken":550,"minecraft:walk_one_cm":141806,"minecraft:mob_kills":3,"minecraft:drop":12,"minecraft:damage_dealt":478,"minecraft:interact_with_crafting_table":6,"minecraft:fly_one_cm":367426,"minecraft:open_chest":6,"minecraft:crouch_one_cm":33508,"minecraft:play_time":87838,"minecraft:deaths":2,"minecraft:sneak_time":7786,"minecraft:walk_under_water_one_cm":3613,"minecraft:jump":631,"minecraft:leave_game":3,"minecraft:time_since_death":67949,"minecraft:walk_on_water_one_cm":3190,"minecraft:sleep_in_bed":1,"minecraft:climb_one_cm":519,"minecraft:total_world_time":87838,"minecraft:fall_one_cm":15298},"minecraft:picked_up":{"minecraft:stick":33,"minecraft:raw_iron":11,"minecraft:sweet_berries":3,"minecraft:torch":3,"minecraft:wooden_pickaxe":1,"minecraft:spruce_sapling":31,"minecraft:oak_log":21,"minecraft:spruce_log":173,"minecraft:dirt":49,"minecraft:arrow":3,"minecraft:bone":2,"minecraft:rotten_flesh":2,"minecraft:oak_sapling":7,"minecraft:coal":23,"minecraft:cobblestone":497,"minecraft:furnace":1},"minecraft:mined":{"minecraft:furnace":1,"minecraft:iron_ore":11,"minecraft:spruce_log":176,"minecraft:grass":2,"minecraft:coal_ore":12,"minecraft:grass_block":34,"minecraft:oak_log":21,"minecraft:dirt":24,"minecraft:cobblestone":8,"minecraft:spruce_leaves":2,"minecraft:stone":480,"minecraft:oak_leaves":11,"minecraft:wall_torch":3,"minecraft:fern":2},"minecraft:crafted":{"minecraft:oak_planks":36,"minecraft:iron_chestplate":1,"minecraft:iron_axe":1,"minecraft:crafting_table":2,"minecraft:stick":8,"minecraft:wooden_pickaxe":1,"minecraft:iron_ingot":11,"minecraft:stone_pickaxe":1,"minecraft:chest":2,"minecraft:furnace":1,"minecraft:torch":4,"minecraft:air":0}},"DataVersion":3465}