{"stats":{"minecraft:dropped":{"minecraft:sweet_berries":1,"minecraft:arrow":1,"minecraft:wooden_pickaxe":1},"minecraft:crafted":{"minecraft:oak_planks":36,"minecraft:crafting_table":2,"minecraft:stick":8,"minecraft:iron_ingot":11,"minecraft:wooden_pickaxe":1,"minecraft:stone_pickaxe":1,"minecraft:chest":2,"minecraft:furnace":1,"minecraft:torch":4,"minecraft:air":0},"minecraft:used":{"minecraft:dark_oak_planks":1,"minecraft:apple":1,"minecraft:stone_pickaxe":56,"minecraft:chest":2,"minecraft:wooden_pickaxe":3,"railways:iron_wrapped_locometal_boiler":1,"minecraft:torch":7,"farmersdelight:roasted_mutton_chops":1,"minecraft:dirt":18,"minecraft:cobblestone":640,"minecraft:sweet_berries":2,"minecraft:crafting_table":2,"minecraft:furnace":2,"farmersdelight:pasta_with_mutton_chop":1,"minecraft:white_bed":1},"minecraft:custom":{"minecraft:time_since_rest":425,"minecraft:interact_with_furnace":5,"minecraft:sprint_one_cm":110403,"minecraft:damage_taken":284,"minecraft:walk_one_cm":86831,"minecraft:mob_kills":2,"minecraft:drop":3,"minecraft:damage_dealt":268,"minecraft:interact_with_crafting_table":4,"minecraft:fly_one_cm":287591,"minecraft:open_chest":5,"minecraft:crouch_one_cm":32291,"minecraft:play_time":65028,"minecraft:deaths":2,"minecraft:sneak_time":7343,"minecraft:walk_under_water_one_cm":3613,"minecraft:jump":331,"minecraft:leave_game":2,"minecraft:walk_on_water_one_cm":3190,"minecraft:time_since_death":45139,"minecraft:sleep_in_bed":1,"minecraft:climb_one_cm":519,"minecraft:total_world_time":65028,"minecraft:fall_one_cm":5600},"minecraft:mined":{"minecraft:furnace":1,"minecraft:iron_ore":11,"minecraft:grass":2,"minecraft:coal_ore":12,"minecraft:grass_block":31,"minecraft:oak_log":15,"minecraft:dirt":23,"minecraft:cobblestone":8,"minecraft:stone":472,"minecraft:oak_leaves":8,"minecraft:wall_torch":3},"minecraft:killed":{"minecraft:skeleton":1},"minecraft:picked_up":{"minecraft:raw_iron":11,"minecraft:stick":5,"minecraft:sweet_berries":3,"minecraft:torch":3,"minecraft:wooden_pickaxe":1,"minecraft:oak_log":15,"minecraft:dirt":45,"minecraft:bone":2,"minecraft:arrow":3,"minecraft:rotten_flesh":1,"minecraft:oak_sapling":5,"minecraft:coal":23,"minecraft:cobblestone":480,"minecraft:furnace":1}},"DataVersion":3465}