{"stats":{"minecraft:killed":{"minecraft:spider":6,"minecraft:skeleton":6,"minecraft:salmon":3,"minecraft:creeper":2,"minecraft:sheep":3,"minecraft:zombie":5,"minecraft:cow":5},"minecraft:broken":{"minecraft:iron_shovel":1,"minecraft:wooden_pickaxe":1,"minecraft:stone_pickaxe":3,"minecraft:iron_pickaxe":1,"minecraft:wooden_axe":1,"minecraft:stone_shovel":1},"minecraft:dropped":{"minecraft:water_bucket":1,"minecraft:wheat_seeds":7,"minecraft:oak_log":4,"minecraft:granite":9,"minecraft:stick":7,"minecraft:cobblestone_stairs":1,"minecraft:dirt":9,"minecraft:diorite":34,"minecraft:gravel":1,"minecraft:bowl":5,"minecraft:birch_sapling":6,"minecraft:tuff":44,"minecraft:rotten_flesh":1,"minecraft:arrow":4},"minecraft:killed_by":{"minecraft:zombie_villager":1},"minecraft:custom":{"minecraft:mob_kills":30,"minecraft:interact_with_crafting_table":48,"minecraft:interact_with_campfire":10,"minecraft:leave_game":3,"minecraft:time_since_death":244197,"minecraft:sprint_one_cm":116877,"minecraft:walk_one_cm":863159,"minecraft:drop":22,"minecraft:play_time":252644,"minecraft:deaths":1,"minecraft:sneak_time":3370,"minecraft:walk_under_water_one_cm":41126,"minecraft:jump":1450,"minecraft:interact_with_blast_furnace":53,"minecraft:walk_on_water_one_cm":51673,"minecraft:total_world_time":252644,"minecraft:interact_with_furnace":19,"minecraft:sleep_in_bed":14,"minecraft:time_since_rest":10954,"minecraft:damage_taken":1707,"minecraft:damage_dealt":4180,"minecraft:swim_one_cm":97395,"minecraft:fly_one_cm":25935,"minecraft:open_chest":221,"minecraft:crouch_one_cm":4748,"minecraft:interact_with_smoker":17,"minecraft:fall_one_cm":15096,"minecraft:horse_one_cm":79198},"minecraft:used":{"minecraft:oak_fence":14,"minecraft:iron_shovel":250,"minecraft:stone_shovel":117,"minecraft:spruce_planks":57,"minecraft:chest":17,"minecraft:rotten_flesh":1,"minecraft:iron_chestplate":1,"minecraft:torch":10,"minecraft:dirt":76,"create:depot":4,"minecraft:stripped_spruce_log":6,"minecraft:birch_door":9,"minecraft:wooden_axe":69,"minecraft:iron_helmet":1,"minecraft:magma_block":5,"minecraft:bow":11,"create:shaft":9,"minecraft:sweet_berries":7,"minecraft:furnace":5,"minecraft:egg":1,"minecraft:potato":3,"minecraft:cooked_mutton":9,"minecraft:water_bucket":4,"minecraft:stone_pickaxe":408,"minecraft:wooden_pickaxe":59,"minecraft:sugar_cane":29,"minecraft:crafting_table":8,"minecraft:blast_furnace":4,"farmersdelight:pasta_with_mutton_chop":5,"minecraft:campfire":2,"minecraft:spruce_log":25,"minecraft:smoker":1,"minecraft:diamond_pickaxe":70,"create:mechanical_press":4,"minecraft:bread":4,"minecraft:iron_pickaxe":250,"create:water_wheel":4,"minecraft:stone_axe":186,"minecraft:cobblestone":185,"travelersbackpack:standard":9,"minecraft:bucket":7,"create:hand_crank":5,"create:vertical_gearbox":1},"minecraft:picked_up":{"minecraft:fishing_rod":1,"minecraft:crafting_table":8,"minecraft:birch_door":9,"minecraft:string":10,"minecraft:raw_copper":218,"minecraft:large_fern":1,"create:water_wheel":2,"create:mechanical_press":2,"minecraft:cobbled_deepslate":98,"minecraft:beef":5,"minecraft:poppy":25,"minecraft:sugar_cane":17,"minecraft:coal_block":6,"minecraft:chest":3,"minecraft:birch_sapling":18,"farmersdelight:cabbage_seeds":1,"minecraft:furnace":3,"minecraft:egg":2,"minecraft:stick":47,"minecraft:raw_iron":70,"minecraft:copper_ingot":91,"minecraft:oak_fence":4,"minecraft:torch":6,"minecraft:bowl":1,"create:andesite_casing":5,"minecraft:fire_charge":2,"create:hand_crank":5,"minecraft:diorite":68,"minecraft:redstone":55,"create:vertical_gearbox":1,"minecraft:arrow":14,"minecraft:rotten_flesh":8,"minecraft:stone_shovel":1,"create:depot":2,"minecraft:mutton":5,"minecraft:white_wool":3,"minecraft:cobblestone":366,"minecraft:birch_log":16,"minecraft:magma_block":12,"minecraft:cooked_beef":5,"minecraft:water_bucket":1,"minecraft:salmon":3,"minecraft:andesite":23,"minecraft:leather":5,"minecraft:smoker":1,"minecraft:potato":4,"minecraft:birch_planks":18,"minecraft:tuff":66,"minecraft:oak_log":98,"minecraft:gunpowder":4,"farmersdelight:pasta_with_mutton_chop":8,"minecraft:cobblestone_stairs":2,"minecraft:lapis_lazuli":8,"minecraft:dirt":416,"minecraft:cooked_mutton":5,"minecraft:bone":27,"minecraft:apple":3,"minecraft:kelp":64,"minecraft:bow":3,"minecraft:wheat_seeds":14,"minecraft:raw_gold":27,"minecraft:grindstone":1,"create:shaft":7,"minecraft:moss_block":3,"minecraft:pumpkin":24,"minecraft:sweet_berries":33,"minecraft:dandelion":2,"minecraft:gravel":11,"minecraft:sand":14,"minecraft:stripped_spruce_log":26,"minecraft:spruce_sapling":1,"minecraft:blast_furnace":4,"travelersbackpack:standard":4,"minecraft:pumpkin_seeds":5,"minecraft:diamond":10,"minecraft:granite":15,"minecraft:bone_meal":1,"minecraft:oak_sapling":63,"minecraft:coal":240},"minecraft:mined":{"minecraft:tuff":22,"minecraft:deepslate_diamond_ore":10,"create:andesite_casing":5,"minecraft:cobblestone_stairs":1,"minecraft:granite":9,"minecraft:grass_block":252,"create:depot":2,"minecraft:spruce_leaves":12,"minecraft:kelp":21,"minecraft:tall_seagrass":1,"minecraft:magma_block":12,"create:shaft":7,"minecraft:furnace":3,"minecraft:iron_ore":48,"minecraft:andesite":23,"minecraft:stripped_spruce_log":26,"minecraft:pumpkin":12,"minecraft:potatoes":1,"minecraft:deepslate_iron_ore":22,"farmersdelight:rice_panicles":1,"minecraft:stone":335,"create:mechanical_press":2,"minecraft:kelp_plant":16,"minecraft:smoker":1,"minecraft:dandelion":2,"travelersbackpack:standard":4,"minecraft:crafting_table":8,"minecraft:torch":3,"minecraft:blast_furnace":4,"minecraft:poppy":25,"minecraft:chest":3,"create:water_wheel":2,"minecraft:copper_ore":63,"minecraft:cobblestone":37,"minecraft:lapis_ore":1,"minecraft:deepslate_gold_ore":21,"minecraft:grindstone":1,"minecraft:sugar_cane":6,"minecraft:diorite":17,"create:gearbox":1,"minecraft:sweet_berry_bush":15,"minecraft:birch_log":16,"minecraft:wheat":7,"minecraft:birch_leaves":3,"minecraft:pumpkin_stem":7,"minecraft:birch_door":8,"minecraft:grass":2,"minecraft:oak_log":98,"minecraft:coal_ore":163,"create:hand_crank":2,"minecraft:gravel":1,"minecraft:sand":13,"minecraft:dirt":95,"minecraft:gold_ore":6,"minecraft:oak_leaves":20,"minecraft:deepslate":98},"minecraft:crafted":{"minecraft:oak_planks":400,"minecraft:yellow_wool":2,"minecraft:stone_shovel":2,"minecraft:coal":9,"minecraft:barrel":21,"create:steam_engine":1,"minecraft:iron_nugget":144,"travelersbackpack:yellow_sleeping_bag":1,"minecraft:furnace":2,"minecraft:raw_copper_block":48,"minecraft:cooked_mutton":7,"create:vertical_gearbox":1,"minecraft:glass":12,"minecraft:bow":2,"minecraft:raw_copper":432,"create:mechanical_press":2,"betternether:cincinnasite_ingot":19,"minecraft:spruce_slab":126,"create:fluid_tank":12,"minecraft:stone_pickaxe":3,"minecraft:chest":14,"minecraft:copper_block":1,"minecraft:birch_door":3,"create:cogwheel":4,"minecraft:oak_fence":96,"minecraft:cooked_beef":3,"minecraft:coal_block":17,"create:depot":2,"create:andesite_alloy":13,"create:hand_crank":1,"minecraft:cooked_porkchop":4,"minecraft:crafting_table":1,"minecraft:spruce_planks":220,"travelersbackpack:backpack_tank":2,"minecraft:wooden_pickaxe":1,"travelersbackpack:standard":1,"minecraft:copper_ingot":249,"minecraft:bucket":2,"minecraft:birch_planks":64,"minecraft:campfire":2,"minecraft:stone_axe":1,"minecraft:bread":3,"minecraft:air":0,"create:gearbox":1,"create:water_wheel":3,"minecraft:diamond_pickaxe":1,"minecraft:yellow_dye":2,"minecraft:stick":208,"minecraft:iron_ingot":69,"minecraft:iron_pickaxe":1,"minecraft:wooden_axe":1,"minecraft:iron_block":2,"minecraft:iron_shovel":1,"minecraft:gold_ingot":27,"create:shaft":16,"minecraft:torch":8}},"DataVersion":3465}