{"stats":{"minecraft:killed":{"betternether:skull":1,"minecraft:spider":9,"minecraft:skeleton":10,"minecraft:drowned":1,"minecraft:pig":1,"minecraft:creeper":2,"minecraft:sheep":5,"minecraft:zombie":21,"minecraft:player":1,"minecraft:cow":2},"minecraft:broken":{"minecraft:wooden_pickaxe":1,"minecraft:golden_axe":1,"farmersdelight:golden_knife":1,"minecraft:stone_axe":1,"minecraft:wooden_axe":1,"minecraft:stone_shovel":3},"minecraft:dropped":{"minecraft:dirt":264,"betternether:bowl_upgrade_smithing_template":1,"minecraft:bone_meal":9,"farmersdelight:pasta_with_mutton_chop":16,"minecraft:furnace":2,"minecraft:stone_axe":2,"minecraft:sweet_berries":1,"minecraft:bowl":8,"minecraft:rotten_flesh":2,"minecraft:poppy":1,"farmersdelight:flint_knife":2,"minecraft:stone_pickaxe":3,"minecraft:egg":1},"minecraft:killed_by":{"minecraft:player":1},"minecraft:custom":{"minecraft:mob_kills":54,"minecraft:interact_with_crafting_table":22,"minecraft:bell_ring":6,"minecraft:leave_game":2,"minecraft:time_since_death":6011,"minecraft:climb_one_cm":864,"minecraft:sprint_one_cm":549139,"minecraft:walk_one_cm":620902,"minecraft:damage_blocked_by_shield":220,"minecraft:drop":27,"minecraft:talked_to_villager":1,"minecraft:play_time":224477,"minecraft:sneak_time":970,"minecraft:deaths":4,"minecraft:walk_under_water_one_cm":23031,"minecraft:jump":2928,"minecraft:interact_with_blast_furnace":3,"minecraft:walk_on_water_one_cm":29451,"minecraft:total_world_time":224477,"minecraft:interact_with_furnace":7,"minecraft:sleep_in_bed":3,"minecraft:time_since_rest":6084,"minecraft:damage_taken":4436,"minecraft:damage_dealt":8992,"minecraft:swim_one_cm":22211,"minecraft:fly_one_cm":544601,"minecraft:player_kills":1,"minecraft:open_chest":64,"minecraft:crouch_one_cm":2239,"minecraft:aviate_one_cm":1032082,"minecraft:interact_with_smoker":1,"minecraft:fall_one_cm":56285,"minecraft:horse_one_cm":126189},"minecraft:used":{"minecraft:stone_sword":49,"minecraft:stone_shovel":516,"minecraft:chest":5,"minecraft:shield":10,"minecraft:torch":38,"farmersdelight:roasted_mutton_chops":5,"minecraft:dirt":205,"farmersdelight:flint_knife":19,"minecraft:wooden_axe":54,"minecraft:iron_axe":13,"minecraft:iron_helmet":1,"minecraft:sweet_berries":55,"minecraft:furnace":2,"minecraft:golden_axe":17,"minecraft:wheat_seeds":18,"minecraft:water_bucket":2,"minecraft:stone_pickaxe":33,"farmersdelight:golden_knife":32,"minecraft:wooden_pickaxe":35,"minecraft:sugar_cane":4,"minecraft:sand":7,"minecraft:crafting_table":6,"farmersdelight:pasta_with_mutton_chop":14,"minecraft:white_bed":1,"minecraft:wooden_hoe":28,"minecraft:firework_rocket":4,"minecraft:iron_pickaxe":24,"minecraft:stone_axe":196,"minecraft:cobblestone":44,"minecraft:bucket":2,"minecraft:bone_meal":8},"minecraft:picked_up":{"minecraft:crafting_table":3,"minecraft:wheat":4,"minecraft:brown_mushroom":8,"minecraft:wooden_pickaxe":1,"minecraft:shield":1,"minecraft:string":8,"minecraft:spruce_planks":1,"minecraft:beef":3,"minecraft:poppy":1,"minecraft:sugar_cane":96,"minecraft:chest":3,"minecraft:birch_sapling":1,"minecraft:furnace":4,"minecraft:egg":1,"minecraft:stick":82,"minecraft:raw_iron":13,"minecraft:copper_ingot":140,"minecraft:bowl":9,"minecraft:porkchop":4,"minecraft:carrot":7,"minecraft:arrow":4,"minecraft:rotten_flesh":33,"expandeddelight:asparagus":16,"minecraft:gold_ingot":26,"minecraft:mutton":7,"minecraft:white_wool":4,"minecraft:cobblestone":13,"minecraft:birch_log":5,"farmersdelight:rich_soil":2,"minecraft:feather":6,"minecraft:fern":1,"minecraft:red_mushroom":1,"minecraft:flint":1,"create:raw_zinc":9,"minecraft:oak_log":44,"minecraft:gunpowder":11,"farmersdelight:flint_knife":1,"minecraft:lapis_lazuli":8,"minecraft:dirt":479,"farmersdelight:organic_compost":5,"minecraft:bone":9,"minecraft:apple":2,"minecraft:kelp":9,"minecraft:bow":2,"minecraft:wheat_seeds":24,"minecraft:grindstone":1,"minecraft:stone_pickaxe":1,"minecraft:oak_planks":2,"minecraft:cooked_porkchop":4,"minecraft:sweet_berries":58,"minecraft:gravel":10,"minecraft:sand":7,"minecraft:spruce_sapling":17,"minecraft:white_bed":1,"minecraft:spruce_log":70,"minecraft:spider_eye":2,"minecraft:stone_axe":1,"minecraft:iron_helmet":1,"minecraft:granite":2,"minecraft:emerald":5,"minecraft:oak_sapling":13,"minecraft:black_wool":2,"minecraft:netherrack":43,"minecraft:coal":12},"minecraft:mined":{"create:zinc_ore":9,"minecraft:spruce_planks":1,"minecraft:white_bed":1,"farmersdelight:rich_soil":2,"farmersdelight:wild_carrots":7,"betternether:bone_grass":1,"minecraft:granite":2,"minecraft:grass_block":372,"minecraft:spruce_leaves":2,"minecraft:kelp":10,"minecraft:large_fern":5,"minecraft:furnace":2,"minecraft:iron_ore":19,"minecraft:andesite":5,"minecraft:dirt_path":1,"expandeddelight:wild_asparagus":16,"minecraft:stone":13,"minecraft:podzol":8,"minecraft:brown_mushroom":1,"farmersdelight:organic_compost":5,"betternether:sepia_bone_grass":2,"minecraft:crafting_table":3,"minecraft:emerald_ore":1,"minecraft:chest":3,"farmersdelight:brown_mushroom_colony":1,"minecraft:tall_grass":10,"minecraft:sugar_cane":62,"minecraft:seagrass":3,"minecraft:birch_log":5,"minecraft:wheat":4,"minecraft:sweet_berry_bush":33,"minecraft:spruce_log":72,"minecraft:birch_leaves":2,"minecraft:grass":78,"minecraft:coal_ore":12,"minecraft:oak_log":43,"minecraft:sand":10,"minecraft:gravel":11,"minecraft:dirt":75,"minecraft:oak_leaves":6,"minecraft:fern":3},"minecraft:crafted":{"minecraft:stone_shovel":4,"minecraft:furnace":1,"minecraft:bone_meal":18,"minecraft:iron_axe":1,"minecraft:stone_pickaxe":1,"minecraft:chest":2,"minecraft:crafting_table":4,"minecraft:spruce_planks":80,"minecraft:iron_helmet":1,"farmersdelight:flint_knife":1,"minecraft:stone_axe":2,"minecraft:air":0,"minecraft:wooden_hoe":1,"minecraft:paper":42,"minecraft:stick":8,"minecraft:iron_pickaxe":1,"minecraft:iron_ingot":13,"minecraft:wooden_axe":1,"minecraft:stone_sword":1,"minecraft:iron_leggings":1,"minecraft:torch":44,"minecraft:firework_rocket":57}},"DataVersion":3465}